{"mathjs":"DenseMatrix","data":[[0,0,0,1],[0.029758640909091416,0.04438944625273494,-0.04081072812367044,1],[0.04706990283221302,0.1135973302914759,-0.057746038239075884,1],[0.02488824743851137,0.16634187793028726,-0.06500427810784294,1],[0.007139375918222224,0.20809524981514219,-0.06778581372193337,1],[0.0980632525638705,0.21124268252087997,1.3877787807814457e-17,1],[0.1290944853941195,0.30253290680210093,-0.01154283856383867,1],[0.14385742748370423,0.3608322789781528,-0.019572296752366977,1],[0.15437439482793025,0.40916580243728123,-0.02174330264540593,1],[0.06607322952910744,0.20591552476285524,0.01051715674846819,1],[0.04799439343251366,0.26121026833143085,-0.02371217238659938,1],[0.029158140919887776,0.201029246554588,-0.059069039860901326,1],[0.03417638005837864,0.16643412257416523,-0.06560445147420477,1],[0.03185128259370473,0.1877203765104098,0.009953573079326733,1],[0.0127523237172118,0.22734240082361132,-0.021463949594246093,1],[0.006116773147062604,0.1726000102012786,-0.04568206704873101,1],[0.016634049216839197,0.14943413504275,-0.04544691783485108,1],[0.000001019066614538211,0.1623845442240546,-2.7755575615628914e-17,1],[-0.014364275222952805,0.1903052069428674,-0.01737974729699661,1],[-0.016113748313193788,0.1528536649326526,-0.040474575314058,1],[-0.0052180242463388815,0.13528494968810384,-0.04493052110784666,1]],"size":[21,4]}