{"mathjs":"DenseMatrix","data":[[0,0,0,1],[0.054272752505310606,0.02210177206939465,-0.01737971672472735,1],[0.10359237500490526,0.07200902905292347,-0.014678338880005859,1],[0.14391966293045855,0.11361080035641648,-0.01030082939992255,1],[0.1784945864659967,0.12835453975481656,-0.0009016451029510986,1],[0.08118433916064804,0.15598374130495193,0,1],[0.07843178555251451,0.20352472265123445,-0.02721333479347096,1],[0.06310807876756297,0.1479234987877105,-0.03703956510708653,1],[0.056766452937616174,0.10737421625671836,-0.032119344911813064,1],[0.05110009775737545,0.1643640713820536,0.001825233342892918,1],[0.05187589229186729,0.20174161051904527,-0.03247771442966266,1],[0.04074332599426689,0.136492133776622,-0.043510654824698236,1],[0.035399755650258324,0.09480219384196911,-0.03787572868530753,1],[0.024104625272372115,0.1672507235596996,0.0006620644229454187,1],[0.027648555497894023,0.21164329932841972,-0.027501542066847073,1],[0.019618849108231418,0.1498793645635826,-0.03377958260004313,1],[0.015100569561678379,0.1048480569807356,-0.026538069244072537,1],[0.000001027279538323711,0.16648060261270695,0,1],[0.0024038527068235283,0.22841464335298417,0.001450971262232842,1],[0.0033221895928404743,0.2656650677987693,0.0030347852160660382,1],[0.004963966928909436,0.3017126549107938,0.007632303589181266,1]],"size":[21,4]}