{"mathjs":"DenseMatrix","data":[[0,0,0,1],[-0.07563495424904632,-0.026131948106936587,-0.012966359629526414,1],[-0.143003271444897,-0.08222180437930438,-0.024122895505247155,1],[-0.19851379040714429,-0.1226025890061429,-0.022390138762151457,1],[-0.249227109236979,-0.15287870154652267,-0.007523524517911606,1],[-0.09617229965907476,-0.1419775236244678,0,1],[-0.0752696422744929,-0.1500639085395148,-0.06174308033993958,1],[-0.07934130926681848,-0.10292169622147784,-0.06004611252004699,1],[-0.09408475173718839,-0.07727937237486687,-0.05311244417992622,1],[-0.042451691386887536,-0.1304921048456339,0.002833496102206845,1],[-0.027097561447608665,-0.13709455226615114,-0.06422128687992634,1],[-0.042399161545732644,-0.07765289097446315,-0.06430539583683237,1],[-0.05642452888814048,-0.04956006189313711,-0.05666745269647122,1],[0.011161068101455118,-0.11656553003049003,0.002736767476224755,1],[0.01105872113306805,-0.11617836801830794,-0.06416390899755098,1],[-0.002911637266673428,-0.0686405697903027,-0.06267575951308768,1],[-0.010961725274661493,-0.05120720872399098,-0.0515128280090954,1],[0.058756110753527935,-0.10668935056036843,1.1102230246251565e-16,1],[0.05024880488462691,-0.11212011207173128,-0.0524695598124153,1],[0.04290731048978991,-0.09133355881631289,-0.04787082553550437,1],[0.04429495758359159,-0.08322201677318641,-0.03560751660944961,1]],"size":[21,4]}