{"mathjs":"DenseMatrix","data":[[0,0,0,1],[0.03457010918794434,0.0284329895873372,-0.02960157192641147,1],[0.06951251877222009,0.07107462347339133,-0.052355889306105824,1],[0.09319533219827003,0.10496218085307876,-0.07713130664138904,1],[0.09670788974355227,0.1414103459325026,-0.09136406483522519,1],[0.07261272143734032,0.17667260636863444,0,1],[0.09903998799406877,0.20678048671232468,-0.03320594606749597,1],[0.0997835732305673,0.17784022696043483,-0.06479636859313698,1],[0.09123956444881576,0.13784347173040543,-0.08136388185094484,1],[0.05710589451635906,0.203415685272132,0.007785831028940815,1],[0.07891257002482721,0.29214601662215306,0.0074132811156657485,1],[0.09541245496588924,0.3566149656115145,-0.00023481575057451853,1],[0.10701705087607205,0.4108596652671844,-0.004238736788495401,1],[0.030761316966788743,0.20284470673529725,0.00775944575714696,1],[0.03760437927623084,0.28781304055117135,0.01863136735289278,1],[0.04160511879934059,0.3496240567213803,0.020614023630354417,1],[0.04608909758691426,0.4009729151448949,0.02494198896178995,1],[0.0000012079028133271663,0.1801000702875471,-2.7755575615628914e-17,1],[-0.009433166839544094,0.23825891208560834,0.012020439237358599,1],[-0.013146693277181876,0.278076984398552,0.019162399431559285,1],[-0.014853372285665079,0.3148942488918732,0.02753065676286859,1]],"size":[21,4]}