{"mathjs":"DenseMatrix","data":[[0,0,0,1],[0.035674375737472674,0.04385733189024013,-0.038721997220750815,1],[0.05445056292995798,0.1107969826572979,-0.04993267482766294,1],[0.030398336180134322,0.16263882614440356,-0.05303148288140507,1],[0.010157116104755781,0.19688180488834642,-0.054817212698092845,1],[0.08983692776406749,0.19612669329496313,6.938893903907228e-18,1],[0.1294811846243955,0.26464142738741475,-0.015164976406389342,1],[0.1527816010466504,0.3100856278892014,-0.027420797899085345,1],[0.1728339998652485,0.3497455701885174,-0.03349445917774144,1],[0.06222700261693315,0.20768907713765752,0.009742614180996045,1],[0.08177602321210331,0.2911164214286953,0.0061670698199551705,1],[0.0939874909496572,0.35198994068311323,0.0015468570755958408,1],[0.10290604037135631,0.39763735290767555,0.0009063270800391196,1],[0.03088132774950325,0.18980076775449392,0.007578119912275857,1],[0.02942948820251723,0.2569095820289052,-0.01756109899659867,1],[0.021000891001837663,0.22828831220753049,-0.051904849908402634,1],[0.01595905257228858,0.19423106369497178,-0.06549720756909544,1],[0.000001078774328422405,0.15595395373235202,1.3877787807814457e-17,1],[-0.00408798726781634,0.2028823917280025,-0.02928357426642502,1],[-0.00616937067256218,0.18365132386676622,-0.05634461827403,1],[-0.005598708538140484,0.15611261409329286,-0.06787573489231635,1]],"size":[21,4]}