{"mathjs":"DenseMatrix","data":[[0,0,0,1],[0.055463783559781876,0.026263855444639717,-0.030341422396435808,1],[0.1138003437710371,0.09476530714435472,-0.0417547153420757,1],[0.1544774088071359,0.15431179757406838,-0.05350839109512466,1],[0.18981977887925305,0.17949092980237788,-0.06686783716612474,1],[0.1049992025424884,0.23281177497117553,1.3877787807814457e-17,1],[0.1442669142975439,0.3150205119734658,-0.008404934185106003,1],[0.1612956550650635,0.3685860755049116,-0.019740031126233536,1],[0.174134794254182,0.4165368987997718,-0.027342973945254624,1],[0.07157135998021813,0.25260246411670895,0.005447471145329022,1],[0.0948513065868758,0.3557379629735031,0.011253213077645666,1],[0.10347822044390131,0.42242142182234943,-0.0011744891756250916,1],[0.10960508872504282,0.48024241213110197,-0.013661412019820199,1],[0.036952497668815476,0.24745723715915535,0.004988600893909373,1],[0.05297118767599007,0.3453917960693338,0.006155396091352711,1],[0.059731526596541684,0.4064538484164792,-0.0032773109648812845,1],[0.06593219742335299,0.46053917140207834,-0.009823340387016634,1],[8.670991650250315e-7,0.22514477627431717,0,1],[0.0014145251987833785,0.2967411800912647,-0.0030777296523657113,1],[0.0032963221830870637,0.3418401815349088,-0.008581240248549338,1],[0.006592668098317156,0.3837587723080312,-0.011646876591810712,1]],"size":[21,4]}