{"mathjs":"DenseMatrix","data":[[0,0,0,1],[0.04012152624273768,0.041134932733084606,-0.027400532591927578,1],[0.06832386011686087,0.11107967771168659,-0.03530729466258369,1],[0.06562386609854798,0.18537807639579054,-0.0293936426522814,1],[0.05370440029555912,0.2329074238185288,-0.013559559965954808,1],[0.08610931442014369,0.16104713154512426,0,1],[0.09753787770914168,0.21452846386891272,-0.008402139353078077,1],[0.07981588979740284,0.16839521923921882,-0.014191006862520651,1],[0.07130646815031605,0.14760826781668737,-0.010510189111064022,1],[0.05915647998340867,0.1710621574937366,0.007591109000598804,1],[0.06746466978024357,0.2369595446078751,-0.022066068333140877,1],[0.0502962740411258,0.17578900447519263,-0.03670715371191819,1],[0.048043928790254764,0.15186519357040087,-0.022968257952103395,1],[0.029903522801090654,0.17073106382178369,0.0069298673505733405,1],[0.03713243529462995,0.2265833659461538,-0.020952052511238196,1],[0.02589632034681444,0.16173846908571987,-0.027626188210140838,1],[0.02234335243434693,0.14017301109894553,-0.009943894934205617,1],[5.915032156300626e-7,0.16470690960774964,0,1],[0.010734815602896575,0.19502098117680408,-0.012109961722800565,1],[0.004941031705034793,0.1515515893369887,-0.022539132740854458,1],[-0.00028515013510954645,0.1401767965905804,-0.015379713843760738,1]],"size":[21,4]}